question_id,parent_question_id,sub_label,question_text,is_required,information_text,question_category,question_type_id
1,,,"Does the wastewater system carry waste water to septic field on the lots, to a community holding tank or a biodigester system?",true,Select the type of wastewater system used in your strata,Exterior,7
2,,,Please describe the community septic system,true,,Interior,4
3,,,Who is responsible for the pump(s) to carry wastewater to the holding/septic tank?,true,,survey,4
4,,,How many pumps are between the residence and the holding tank(s)?,true,,survey,6
5,,,"Please describe the composition, number and capacity of holding tanks (if known)",true,,survey,4
6,,,When was the last time any work was completed and what was the cost?,true,,survey,4
7,,,"Please describe the size, capacity, make and model of biodigester",true,,survey,4
8,,,Number and replacement history of holding tanks between biodigester and community septic fields,true,,survey,4
9,,,Number and replacement history of pumps between biodigester and community septic field,true,,Legal,4
10,,,Are you planning any work in the future?,true,,survey,4
11,,,"When was the clubhouse envelope, including siding, windows, doors and roofing last replaced, and at what cost?",true,,survey,4
12,,,"When were the clubhouse interior, including flooring, painting, doors and lighting last replaced and at what cost?",true,,survey,4
13,,,"Clubhouse mechanical equipment replacement history including boilers, hot water tanks, or heat pumps, including cost?",true,,survey,4
14,,,"What is the history of the clubhouse furniture and equipment including in the Lounge, Gym, Kitchen, appliances, Chairs, Tables, Etc.",true,,survey,4
15,,,Are there any repairs or replacement work planned for the future?,true,,survey,4
16,,,Please indicate amenity package,true,Select all amenities available in your strata,survey,5
17,,,Have there been lawsuits or arbitration decisions that affected the Contingency Reserve Fund (CRF)?,true,"Check ""None"" if not applicable, or provide explanation",survey,8
18,,,Are there pending litigation/CRT claims that may affect the building?,true,"Check ""None"" if not applicable, or provide explanation",survey,8
19,,,Has the strata taken responsibility for a component in/on a strata lot?,true,"Check ""None"" if not applicable, or provide explanation",survey,8
20,,,Please provide a list of strata lots that have taken responsibility/alteration agreement for changes to common property or attachments/alterations of the building envelope,true,,survey,4
21,,,Please indicate any issues that the strata has or Council is concerned about,true,"Check ""None"" if not applicable, or provide explanation",survey,8
22,,,Please summary any issues the strata had with the prior Depreciation Report?,true,"Check ""None"" if not applicable, or provide explanation",Legal,5
25,,,When was the last time you completed any work on the exterior siding?,true,This includes painting the building.,Exterior,4
201,25,a,Who was the supplier?,true,,Exterior,4
202,25,b,What was the cost?,true,,Exterior,4
26,,,"If you have brick or stone veneer, when was the last time you completed any work?",true,,Exterior,4
203,26,a,Who was the supplier?,true,,Exterior,4
204,26,b,What was the cost?,true,,Exterior,4
27,,,When was the last time you completed any work on the building envelope?,true,,Exterior,4
205,27,a,Who was the supplier?,true,,Exterior,4
206,27,b,What was the cost?,true,,Exterior,4
28,,,When was the last time you completed any work on the windows?,true,,Exterior,4
207,28,a,Who was the supplier?,true,,Exterior,4
208,28,b,What was the cost?,true,,Exterior,4
29,,,When was the last time you completed any work on the sliding doors?,true,,Exterior,4
209,29,a,Who was the supplier?,true,,Exterior,4
210,29,b,What was the cost?,true,,Exterior,4
30,,,"If you have balconies, when was the last time you completed any work?",true,,Exterior,4
211,30,a,Who was the supplier?,true,,Exterior,4
212,30,b,What was the cost?,true,,Exterior,4
31,,,When was the last time you completed any work on the front door(s)?,true,,Exterior,4
213,31,a,Who was the supplier?,true,,Exterior,4
214,31,b,What was the cost?,true,,Exterior,4
32,,,When was the last time you completed any work on the enter phone or security system?,true,,Exterior,4
215,32,a,Who was the supplier?,true,,Exterior,4
216,32,b,What was the cost?,true,,Exterior,4
33,,,"When was the last time you completed any work on the garage door, or the motor?",true,,Exterior,4
217,33,a,Who was the supplier?,true,,Exterior,4
218,33,b,What was the cost?,true,,Exterior,4
34,,,When was the last time you completed any work on the roof?,true,,Exterior,4
219,34,a,Who was the supplier?,true,,Exterior,4
220,34,b,What was the cost?,true,,Exterior,4
35,,,"When was the last time you completed any work on the skylights, if any?",true,,Exterior,4
221,35,a,Who was the supplier?,true,,Exterior,4
222,35,b,What was the cost?,true,,Exterior,4
36,,,When was the last time you replaced the metal flashing?,true,,Exterior,4
223,36,a,Who was the supplier?,true,,Exterior,4
224,36,b,What was the cost?,true,,Exterior,4
37,,,Did you replace the roof access hatch during the re-roofing project or independently?,true,,Exterior,4
225,37,a,Who was the supplier?,true,,Exterior,4
226,37,b,What was the cost?,true,,Exterior,4
38,,,Are the attic areas in the townhomes common area (if any)?,true,,Exterior,4
227,38,a,When did you do any repair or replacement work on them and how much did you spend?,true,,Exterior,4
39,,,When was the last time you completed any work on the downspouts or gutters?,true,,Exterior,4
228,39,a,Who was the supplier?,true,,Exterior,4
229,39,b,What was the cost?,true,,Exterior,4
40,,,When was the last time you completed any work on the elevator?,true,,Services,4
230,40,a,Who was the supplier?,true,,Services,4
231,40,b,What was the cost?,true,,Services,4
41,,,When was the last time you painted the interior of the building?,true,,Interior,4
232,41,a,Who was the supplier?,true,,Interior,4
233,41,b,What was the cost?,true,,Interior,4
234,41,c,Please separate the painting in the common rooms from the hallways?,true,,Interior,4
42,,,When was the last time you completed any flooring?,true,,Interior,4
235,42,a,Who was the supplier?,true,,Interior,4
236,42,b,What was the cost?,true,,Interior,4
237,42,c,Please separate the flooring in the common amenity rooms from the hallways?,true,,Interior,4
43,,,When was the last time you refreshed the lobby area?,true,,Interior,4
238,43,a,What was the cost?,true,,Interior,4
44,,,When was the last time you completed any work on the interior lights?,true,,Interior,4
239,44,a,What was the cost?,true,,Interior,4
45,,,When was the last time you completed any work on the interior furniture?,true,,Interior,4
240,45,a,Who was the supplier?,true,,Interior,4
241,45,b,What was the cost?,true,,Interior,4
46,,,"Are any of the service doors in need of work, and have any of them been replaced?",true,,Interior,4
242,46,a,Who was the supplier?,true,,Interior,4
243,46,b,What was the cost?,true,,Interior,4
47,,,When did you last replace or do work on the boiler for hydronic heat (if any)?,true,Hydronic heat is water-based baseboard heat.,Services,4
244,47,a,Who was the supplier?,true,,Services,4
245,47,b,What was the cost?,true,,Services,4
48,,,When did you last replace the boiler for domestic hot water heat (if any)?,true,Bathrooms and kitchens.,Services,4
246,48,a,Who was the supplier?,true,,Services,4
247,48,b,What was the cost?,true,,Services,4
49,,,When did you last replace the domestic hot water storage tanks (if any)?,true,,Services,4
248,49,a,Who was the supplier?,true,,Services,4
249,49,b,What was the cost?,true,,Services,4
50,,,When did you install the expansion tanks (if any)?,true,,Services,4
250,50,a,Who was the supplier?,true,,Services,4
251,50,b,What was the cost?,true,,Services,4
51,,,"When was the last time you completed any work on the water, sanitary or sewer systems, or the sump pump?",true,,Services,4
252,51,a,Who was the supplier?,true,,Services,4
253,51,b,What was the cost?,true,,Services,4
52,,,When was the last time you completed any work on the rooftop HVAC or Make-up air system?,true,,Services,4
254,52,a,Who was the supplier?,true,,Services,4
255,52,b,What was the cost?,true,,Services,4
53,,,"When was the last time you completed any work on the parking exhaust system, fans, or gas monitors, if you have them?",true,,Services,4
256,53,a,Who was the supplier?,true,,Services,4
257,53,b,What was the cost?,true,,Services,4
54,,,When was the last time you completed any work on the fire panel or emergency alarm system?,true,,Services,4
258,54,a,Who was the supplier?,true,,Services,4
259,54,b,What was the cost?,true,,Services,4
55,,,When was the last time you completed any work on the irrigation system?,true,,Exterior,4
260,55,a,Who was the supplier?,true,,Exterior,4
261,55,b,What was the cost?,true,,Exterior,4
56,,,"When was the last time you completed any repair or replacement work on the landscaping, exterior lighting or internal roadways, driveways or parkade ramps?",true,,Exterior,4
262,56,a,Who was the supplier?,true,,Exterior,4
263,56,b,What was the cost?,true,,Exterior,4
57,,,"When was the last time you completed any repair or replacement work on the security gate, or the motor?",true,,Exterior,4
264,57,a,Who was the supplier?,true,,Exterior,4
265,57,b,What was the cost?,true,,Exterior,4
58,,,When was the last time you completed any work on the fences?,true,,Exterior,4
266,58,a,Who was the supplier?,true,,Exterior,4
267,58,b,What was the cost?,true,,Exterior,4
268,58,c,"Do you share costs for the maintenance of fences, etc?",true,,Exterior,4
59,,,Are you planning any work in the future around the items discussed above?,true,,Exterior,4
269,59,a,"When was the last time you completed any repair or replacement work on the loading doors, or the motor?",true,,Exterior,4
270,59,b,Who was the supplier?,true,,Exterior,4
271,59,c,What was the cost?,true,,Exterior,4
60,,,"When was the last time you completed any repair or replacement work on the water, sanitary or sewer systems, or the sump pump?",true,,Services,4
272,60,a,Who was the supplier?,true,,Services,4
273,60,b,What was the cost?,true,,Services,4
61,,,Has anything been replaced in the past few years that is not included in the above questions?,true,,Services,4
62,,,Is there an Amenity Room (including Guest Suites)?,true,,Amenity Room,3
63,,,When was the last time you painted the interior of the amenity areas?,true,,Amenity Room,4
274,63,a,Who was the supplier?,true,,Amenity Room,4
275,63,b,What was the cost?,true,,Amenity Room,4
64,,,When was the last time you completed any flooring in the interior of the amenity areas?,true,,Amenity Room,4
276,64,a,Who was the supplier?,true,,Amenity Room,4
277,64,b,What was the cost?,true,,Amenity Room,4
65,,,When was the last time you completed any repair or replacement work on the interior lights?,true,,Amenity Room,4
278,65,a,What was the cost?,true,,Amenity Room,4
66,,,"Are any of the services doors in need of work, and have any of them been replaced?",true,,Amenity Room,4
279,66,a,Who was the supplier?,true,,Amenity Room,4
280,66,b,What was the cost?,true,,Amenity Room,4
67,,,"When was the last time you completed any repair or replacement work on the amenity rooms not discussed above, and please specify the specific rooms?",true,,Amenity Room,4
281,67,a,Who was the supplier?,true,,Amenity Room,4
282,67,b,What was the cost?,true,,Amenity Room,4
68,,,What is the history of the Furniture and Equipment and the Common Rooms and Areas?,true,,Amenity Room,4
69,,,"When did you last replace or do work on the boiler for hydronic heat, domestic hot water heat, or domestic hot water storage tanks?",true,,Amenity Room,4
283,69,a,Who was the supplier?,true,,Amenity Room,4
284,69,b,What was the cost?,true,,Amenity Room,4
70,,,Has anything been replaced in the amenities area during the past few years that is not included in the above questions?,true,,Amenity Room,4
71,,,Are you planning any repair or replacement work in the future around the items discussed above?,true,,Amenity Room,4
72,,,When was the last time you completed any repair or replacement work on the exterior siding?,true,This includes painting the buildings.,Clubhouse,4
285,72,a,Who was the supplier?,true,,Clubhouse,4
286,72,b,What was the cost?,true,,Clubhouse,4
73,,,"If you have brick or stone veneer, when was the last time you completed any repair or replacement work?",true,,Clubhouse,4
287,73,a,Who was the supplier?,true,,Clubhouse,4
288,73,b,What was the cost?,true,,Clubhouse,4
74,,,When was the last time you completed any repair or replacement work on the building envelope?,true,,Clubhouse,4
289,74,a,What was done?,true,,Clubhouse,4
290,74,b,Who was the supplier?,true,,Clubhouse,4
291,74,c,What was the cost?,true,,Clubhouse,4
75,,,When was the last time you completed any repair or replacement work on the windows?,true,,Clubhouse,4
292,75,a,Who was the supplier?,true,,Clubhouse,4
293,75,b,What was the cost?,true,,Clubhouse,4
76,,,When was the last time you completed any repair or replacement work on the sliding doors?,true,,Clubhouse,4
294,76,a,Who was the supplier?,true,,Clubhouse,4
295,76,b,What was the cost?,true,,Clubhouse,4
77,,,When was the last time you completed any repair or replacement work on the front doors?,true,,Clubhouse,4
296,77,a,Who was the supplier?,true,,Clubhouse,4
297,77,b,What was the cost?,true,,Clubhouse,4
78,,,When was the last time you completed any repair or replacement work on the roof?,true,,Clubhouse,4
298,78,a,Who was the supplier?,true,,Clubhouse,4
299,78,b,What was the cost?,true,,Clubhouse,4
79,,,When was the clubhouse roof last replaced?,true,,Clubhouse,4
300,79,a,Who was the installer?,true,,Clubhouse,4
301,79,b,What was the cost?,true,,Clubhouse,4
80,,,"When was the last time you completed any repair or replacement work on the skylights, if any?",true,,Clubhouse,4
302,80,a,Who was the supplier?,true,,Clubhouse,4
303,80,b,What was the cost?,true,,Clubhouse,4
81,,,When was the last time you replaced the flashing?,true,,Clubhouse,4
304,81,a,Who was the supplier?,true,,Clubhouse,4
305,81,b,What was the cost?,true,,Clubhouse,4
82,,,Is there a Common Septic Field? Please describe the system.,true,,Services,4
83,,,Are there pumps to carry the wastewater from the residences to the septic tanks?,true,,Services,4
306,83,a,"If the pumps are owned by the Strata, how many?",true,,Services,4
307,83,b,Have they been replaced?,true,,Services,4
308,83,c,Who was the supplier?,true,,Services,4
309,83,d,What was the cost?,true,,Services,4
84,,,"Are the septic tanks on the strata lots? If so, proceed to Question 6.",true,,Services,4
85,,,Are there community septic tanks to hold the wastewater from the residences?,true,,Services,4
310,85,a,"If so, how many?",true,,Services,4
311,85,b,Please describe the system and recent work completed?,true,,Services,4
86,,,How many pumps are there to carry the wastewater from the septic tanks to the community septic field distribution (holding) tanks or biodigester system (if applicable)?,true,,Services,4
312,86,a,Have they been replaced?,true,,Services,4
313,86,b,Who was the supplier?,true,,Services,4
314,86,c,What was the cost?,true,,Services,4
87,,,Is there a biodigester system in place?,true,,Services,4
315,87,a,"If Yes, please describe the system and recent work completed?",true,,Services,4
316,87,b,How many pumps and septic tanks are involved?,true,,Services,4
317,87,c,Who was the supplier?,true,,Services,4
318,87,d,What was the cost?,true,,Services,4
88,,,Is the community Septic Tank original from construction?,true,,Services,4
319,88,a,Has it been replaced?,true,,Services,4
320,88,b,Who was the supplier?,true,,Services,4
321,88,c,What was the cost?,true,,Services,4
89,,,Does the Septic System have Pumps to move the wastewater from community septic field distribution (holding) tanks to the district sewer system? Please describe costs and history.,true,,Services,4
90,,,Are you planning any work in the future with the Septic System?,true,,Services,4
91,,,When was the last time you completed any work on the security system?,true,,Exterior,4
322,91,a,Who was the supplier?,true,,Exterior,4
323,91,b,What was the cost?,true,,Exterior,4
92,,,When was the last time you completed any repair or replacement work on the irrigation system?,true,,Exterior,4
324,92,a,Who was the supplier?,true,,Exterior,4
325,92,b,What was the cost?,true,,Exterior,4
93,,,"Do you share costs for maintenance of fences, etc.?",true,,Exterior,4
94,,,Are you planning any work in the future around the items discussed above?,true,,Exterior,4
95,,,"When was the last time you completed any repair or replacement work on the loading doors, or the motor?",true,,Exterior,4
326,95,a,Who was the supplier?,true,,Exterior,4
327,95,b,What was the cost?,true,,Exterior,4
96,,,Has anything been replaced in the commercial section during the past few years that is not included in the above questions?,true,,Exterior,4
97,,,Are there recent Engineers Reports?,true,,Legal,8
98,,,Are there prior Depreciation Reports?,true,,Legal,8
99,,,Are any reports recommending work that will require a specific Levy in the near future?,true,,Legal,8
100,,,Are there any Reciprocal Cost sharing agreements?,true,,Legal,8
101,,,Are there lawsuits or arbitration decisions that impact common assets?,true,,Legal,8
102,,,"Does the Strata have an Easement, Legal agreement to provide Services, Air Parcel agreement, or other legal agreements?",true,,Legal,8
103,,,Are there any alteration agreements where specific owners have taken responsibility of change to common property or attachments/alterations of the building envelope?,true,,Legal,8
104,,,Has the Strata taken responsibility for a component on/in a strata lot?,true,,Legal,8
105,,,this is a test question to see if it works,true,,Legal,1
106,,,Who let the dogs out?,false,,Interior,7
107,,,What's love got to do with it?,false,It's a second hand emotion,Legal,1